{
  "timestamp": "2025-08-14T14:13:20.471450",
  "scores": {
    "Grandiosity": 76.66666666666667,
    "Entitlement": 83.33333333333334,
    "Exploitation": 83.33333333333334,
    "Vanity": 86.66666666666667,
    "Authority": 86.66666666666667,
    "Self-Sufficiency": 93.33333333333333,
    "Exhibitionism": 66.66666666666666,
    "Overall_Narcissism": 82.38095238095238
  },
  "assessment_type": "Narcissism Screening Tool",
  "version": "1.0",
  "disclaimer": "This is a screening tool, not a diagnostic instrument"
}